[
    {
        "id": 1,
        "image": "",
        "data": "18 de fevereiro de 2026",
        "dataInfo": "02/18/2026",
        "semana": "Quarta-feira",
        "evento": "Quarta-feira de Cinzas"
    },
    {
        "id": 2,
        "image": "",
        "data": "19 de março de 2026",
        "dataInfo": "03/19/2026",
        "semana": "Quinta-feira",
        "evento": "São José Esposo"
    },
    {
        "id": 3,
        "image": "",
        "data": "25 de março de 2026",
        "dataInfo": "03/25/2026",
        "semana": "Quarta-feira",
        "evento": "Anunciação do Senhor"
    },
    {
        "id": 4,
        "image": "",
        "data": "29 de março de 2026",
        "dataInfo": "03/29/2026",
        "semana": "Domingo",
        "evento": "Domingo de Ramos"
    },
    {
        "id": 5,
        "image": "",
        "data": "5 de abril de 2026",
        "dataInfo": "04/5/2026",
        "semana": "Domingo",
        "evento": "Páscoa"
    },
    {
        "id": 6,
        "image": "",
        "data": "17 de maio de 2026",
        "dataInfo": "05/17/2026",
        "semana": "Domingo",
        "evento": "Ascensão do Senhor"
    },
    {
        "id": 7,
        "image": "",
        "data": "24 de maio de 2026",
        "dataInfo": "05/24/2026",
        "semana": "Domingo",
        "evento": "Pentecostes"
    },
    {
        "id": 8,
        "image": "",
        "data": "4 de junho de 2026",
        "dataInfo": "06/4/2026",
        "semana": "Quinta-feira",
        "evento": "Corpus Christi"
    },
    {
        "id": 9,
        "image": "",
        "data": "16 de agosto de 2026",
        "dataInfo": "08/16/2026",
        "semana": "Domingo",
        "evento": "Assunção de Maria"
    },
    {
        "id": 10,
        "image": "",
        "data": "1 de novembro de 2026",
        "dataInfo": "11/1/2026",
        "semana": "Domingo",
        "evento": "Todos os Santos"
    },
    {
        "id": 11,
        "image": "",
        "data": "8 de dezembro de 2026",
        "dataInfo": "12/8/2026",
        "semana": "Terça-feira",
        "evento": "Imaculada Conceição"
    },
    {
        "id": 12,
        "image": "",
        "data": "25 de dezembro de 2026",
        "dataInfo": "12/25/2026",
        "semana": "Sexta-feira",
        "evento": "Natal do Senhor"
    }
]